date,close,URI,G,K,D,C
2024-03-03,1797.1074428711338,-3.440836099439291,-0.7566955484276703,0.8182031461190162,1.60772594971511,8.471802044623047
2024-03-04,1798.260641239693,-6.679516437235207,-0.7274920467656235,0.8243172586862948,3.1779635034021,8.471802044623047
2024-03-05,1799.1069428384812,-6.129651029110519,-0.6585521602105835,0.8296798326876861,3.205068758665304,8.471802044623047
2024-03-06,1800.1809523397856,-3.2380440279084914,-0.5539854863167484,0.8342872440987169,2.0303391414198515,8.471802044623047
2024-03-07,1799.902330263108,-1.4764752972546664,-0.4196043838711795,0.838136554223536,1.2602648357646067,8.471802044623047
2024-03-08,1799.8394722283438,-1.097216941311855,-0.26265515145156365,0.8412255112436554,1.5234468656887286,8.471802044623047
2024-03-09,1798.5391329404677,-0.3733623951205388,-0.09148408077727607,0.8435525511461319,1.725191869944187,8.471802044623047
2024-03-10,1797.6292498982332,0.2989024296559523,0.08484651898202955,0.845116798031336,0.7786814516542109,8.471802044623047
2024-03-11,1797.0562693297409,-0.4137802457248382,0.2569749714190855,0.8459180638010331,-0.6647223452469074,8.471802044623047
2024-03-12,1794.4688637027937,-1.1048846059441992,0.4156707276149465,0.8459568472280409,-0.963385269727548,8.471802044623047
2024-03-13,1792.496531109364,0.5446970240500403,0.5522592493061114,0.8452343324092939,0.2676320585735017,8.471802044623047
2024-03-14,1791.3309730891297,3.094096639046969,0.6590220760240686,0.8437523866046874,1.5134485478589226,8.471802044623047
2024-03-15,1790.0370393984651,2.8497025546291166,0.729553989668303,0.8415135574646339,1.258868986705016,8.471802044623047
2024-03-16,1788.477248874109,-0.15356831407569368,0.7590611238182239,0.8385210696497989,-0.11210329844948042,8.471802044623047
2024-03-17,1786.742831019419,-2.02111246708094,0.7445865276369974,0.8347788208470325,-0.9593732537820884,8.471802044623047
2024-03-18,1786.0888731523685,-1.1821792004081975,0.6851529653944934,0.8302913771860456,-0.6336902679531523,8.471802044623047
2024-03-19,1785.977408687632,-0.283140346137581,0.5818164649104831,0.8250639680619143,-0.2245139882897923,8.471802044623047
2024-03-20,1785.7134047549357,-0.9577323753952282,0.4376281532694482,0.8191024803690202,-0.829655750695749,8.471802044623047
2024-03-21,1785.9410612856143,-1.2572476362373382,0.2575060544561515,0.8124134521525572,-1.8240465037634674,8.471802044623047
2024-03-22,1787.8085230467686,-0.12047274591976656,0.048022584559140186,0.8050040656842484,-1.6050709081013759,8.471802044623047
2024-03-23,1789.1113305582055,0.015018846395861433,-0.18288271726438196,0.7968821399694228,0.1644288720371031,8.471802044623047
2024-03-24,1791.178109092749,-2.1917184878559195,-0.42625231127181323,0.7880561226931072,1.9179787811271285,8.471802044623047
2024-03-25,1793.535210136536,-3.793329177211873,-0.6725059317354648,0.778535081613273,2.0904142902447185,8.471802044623047
2024-03-26,1796.6358037770142,-2.4488700762675806,-0.9118642297030148,0.7683286954098703,1.0227553737060031,8.471802044623047
2024-03-27,1799.94669948724,-0.8899573831523987,-1.1347817191816727,0.7574472439987502,0.32383585286538574,8.471802044623047
2024-03-28,1803.6829893804857,-2.116427503699877,-1.332369540846892,0.7459015983200521,0.6269825377731029,8.471802044623047
2024-03-29,1806.741494812407,-3.198110345348232,-1.4967890148318124,0.7337032096110796,0.8442578637945569,8.471802044623047
2024-03-30,1809.7889013064937,0.5278405827619339,-1.6215982696052056,0.7208640981741431,-0.10281797258793768,8.471802044623047
2024-03-31,1812.5042263429907,6.7542610705875425,-1.7020363480758445,0.7073968416502892,-1.5534814889727553,8.471802044623047
2024-04-01,1815.412571158672,8.044597810701125,-1.735232009533215,0.6933145628102507,-1.8562013158530812,8.471802044623047
2024-04-02,1817.8166410180609,0.32211294277007957,-1.7203278397917954,0.6786309168743816,-0.6162321091801465,0.7343315268408244
2024-04-03,1819.3256951662352,-0.06712718036162385,-1.6585140989021658,0.6633600783737346,0.6606816527644848,0.5484199082458825
2024-04-04,1820.9012969890096,-0.08299627772408555,-1.5529708038935512,0.6475167275648472,0.4672702552351842,0.9288090717493444
2024-04-05,1823.2446679982704,0.26533992223428804,-1.4087206797608525,0.6311160364111624,-0.8062279230960131,0.5484199082458803
2024-04-06,1823.366657973761,0.3644476388389291,-1.232399628796776,0.6141736541443996,-1.5155670551135865,0.5484199082458825
2024-04-07,1823.779784985275,0.21966012867028833,-1.0319550852490689,0.5967056924195403,-1.009719322067042,0.4572841795717978
2024-04-08,1824.3567868974944,0.1289282379902479,-0.8162858715379343,0.5787287100774305,-0.3789112773578571,0.3812932713465596
2024-04-09,1824.440227575912,0.14178384016156162,-0.5948398073732151,0.5602596975293455,-0.724308400147174,0.4095757634897523
2024-04-10,1824.175830063882,0.16363674944228057,-0.3771872252372329,0.5413160607781646,-1.4266959393796894,0.5180462376912406
2024-04-11,1822.613090889657,0.13113870722235238,-0.17258962907738246,0.5219156050911287,-0.8915989867764971,0.915368636915187
2024-04-12,1821.583724508748,0.10358771641903713,0.010417051162518107,0.5020765183394141,1.2080455471100737,1.2512897268254701
2024-04-13,1820.6071943474672,0.23737788416825142,0.16440581806648052,0.4818173540200562,3.294149496249866,1.2512897268254701
2024-04-14,1820.138863654368,0.44865139530045123,0.2833912962027729,0.46115701397601183,3.7889334423316647,1.6754707146918568
2024-04-15,1818.779571335718,0.4794144682767092,0.3630967587586002,0.44011473083038105,3.02038043072606,1.8706337617157625
2024-04-16,1817.714034551696,0.40568346387598325,0.40114346213526336,0.4187100501510634,2.5844777959434353,1.67547071469186
2024-04-17,1816.867854706605,0.4040381356303331,0.3971537662730508,0.3969628123623182,3.102514366026761,1.478953412689556
2024-04-18,1816.742148120588,0.33831143692895577,0.3527634097328966,0.3748931344199243,3.475918095347343,1.2331827998545866
2024-04-19,1817.143354457792,0.2300184626885118,0.27154240858032896,0.3525213912667906,2.6175222848524786,1.2331827998545866
2024-04-20,1816.8707195843556,0.13872184432700016,0.15882817197144358,0.32986819708606874,1.1818184942329153,1.4789534126895534
2024-04-21,1817.8432675321897,0.104894227588637,0.021478389031569095,0.30695438636895056,0.8168492779501821,2.045774716523053
2024-04-22,1818.38670423372,0.056435887906857295,-0.13244513754050521,0.28380099481449633,1.9169048602655208,1.4486771343200302
2024-04-23,1819.529251031691,-0.17752354135857543,-0.2940474190282676,0.2604292400789342,2.978939190260305,2.899889550114033
2024-04-24,1821.627443244116,-0.2708338870563554,-0.45400920535168654,0.23686050239200224,2.501516184152589,3.2852150550308767
2024-04-25,1824.0675679418637,-0.10647171370340883,-0.6030154270415392,0.21311630505799337,0.883685156352899,4.335232026121054
2024-04-26,1826.0188487886849,0.14546539709537723,-0.7321837926574117,0.1892182948592206,-0.2188124367266353,3.550515236352624
2024-04-27,1827.385912817196,0.11347017999808744,-0.8334741710852945,0.16518822237970424,-0.14118490234815384,1.617422694125147
2024-04-28,1828.9095243357608,0.09865324332770001,-0.9000602532738688,0.14104792226690527,0.041849506911593726,0.7237053009205776
2024-04-29,1828.974381591133,0.12692038298843963,-0.9266466878920762,0.11681929344937705,-0.7542317712313285,0.7773862625986819
2024-04-30,1830.0874383323871,0.13265974229323144,-0.9097173434546931,0.09252427932819406,-1.8931068788495604,0.4840952979809716
2024-05-01,1831.110349588096,0.11882611695339937,-0.8477034548137194,0.06818484796002966,-1.76343235885391,0.4335896803996546
2024-05-02,1831.7923932257825,0.1003225497028635,-0.7410640245042674,0.04382297224973617,-0.02222021135670804,0.18061010722286003
2024-05-03,1831.7463549939,0.0947249840057941,-0.5922748063396601,0.01946061017022137,1.7667456440065221,0.6482011939352093
2024-05-04,1831.1931662892212,0.10149402332781281,-0.4057263214174779,-0.004880314972611237,2.037749861342058,0.7237053009205664
2024-05-05,1830.1925815258364,0.10228283134197379,-0.18753545938995525,-0.029177934212180325,1.1280646368645397,0.7773862625986698
2024-05-06,1827.7085552696155,0.09972111519845132,0.05472088456241089,-0.05341045251318963,0.6397653829952313,0.6962816258555983
2024-05-07,1824.993334166081,0.09179182076506726,0.31233816991881724,-0.07755616826574799,1.196729743796923,0.6962816258555969
2024-05-08,1821.6601808698551,0.07119970132117327,0.5758676238301831,-0.10159349266425463,1.6993190341468354,0.6962816258555969
2024-05-09,1819.1755578048271,0.07328095191558799,0.835533459185112,-0.12550096895378937,1.0556383237143556,0.5805744234353014
2024-05-10,1815.0228998489908,0.10373405781515396,1.0816651241857937,-0.14925729152691364,-0.08806502016536355,0.5805744234353025
2024-05-11,1811.0524449604904,0.10352866371218782,1.3051251305929952,-0.17284132485393108,-0.09521594951697787,0.3615362941628616
2024-05-12,1808.1774627091609,-0.04282781400690684,1.49771320562213,-0.19623212222982883,1.4142135623730576,0.8198683118453379
2024-05-13,1804.768484045031,-0.2215542482649647,1.652528578501301,-0.2194089443213501,2.9206682888733817,0.723705300920579
2024-05-14,1801.7794388299192,-0.5147171702546757,1.7642740988673273,-0.24235127749779772,2.904600759497661,1.1792290558079466
2024-05-15,1798.4817466444556,-0.46109624657821,1.8294885054211845,-0.26503885192943305,1.746062248603021,1.57898183495239
2024-05-16,1796.2553285656663,-0.2897152496594686,1.846696401382164,-0.28745165943756856,1.081666480989603,1.617422694125147
2024-05-17,1793.4488498466346,-0.16593037013516915,1.8164692022424713,-0.30956997108066237,1.5577148263234604,0.7237053009205776
2024-05-18,1790.2639540295345,-0.4456628530409987,1.7413943338691096,-0.3313743544610266,2.0823815373622008,1.0819137569915749
2024-05-19,1789.5332083336432,-0.24289366116568942,1.6259540941745372,-0.35284569073703403,1.5561121073988564,0.9153686369151834
2024-05-20,1788.7148420973112,-0.0008843005363402527,1.4763196628990438,-0.3739651913259534,0.6028831286337343,0.7237053009205763
2024-05-21,1787.9959985040762,-0.0283711207831519,1.3000695679131598,-0.3947144142829167,0.8248834661801469,0.7237053009205748
2024-05-22,1788.143176313138,-0.2983537504621999,1.1058453204163512,-0.41507528034176516,2.5595129694910357,0.8080043163772495
2024-05-23,1789.1071678557914,-0.5069346597729252,0.9029597619743186,-0.43503008860389364,4.24119780443644,0.867938171619176
2024-05-24,1789.2631633928893,-0.5322787221078972,0.7009757958583753,-0.45456153186154863,4.306309042566598,1.0977995878586126
2024-05-25,1790.4388166491674,-0.3543368517086042,0.5092745076007517,-0.4736527115423542,3.0980027392229914,1.4486771343200358
2024-05-26,1791.0694388148909,-0.12432249188540144,0.33663215498139276,-0.4922871522622346,2.2278030211419866,1.4486771343200358
2024-05-27,1792.2084706597093,-0.10633159682140203,0.19082510439461786,-0.5104488159742737,2.332224546319441,2.1657209351185513
2024-05-28,1793.7842417036518,0.012780319654396155,0.07828052691126147,-0.5281221157014061,2.3269491668095625,2.165720935118556
2024-05-29,1794.0449138589436,0.09835370384890443,0.003788600358791916,-0.5452919288412564,1.137474111515217,1.9397714706367837
2024-05-30,1795.1704362214225,0.09159513652510977,-0.02971081337386189,-0.5619436100318502,-0.5711829548204246,2.1657209351185513
2024-05-31,1795.7492381027337,0.09058791360645976,-0.021257408575706627,-0.5780630035672953,-1.1430447177895053,1.6411714478435926
2024-06-01,1796.254147905314,0.10208176541656375,0.028090218538922018,-0.5936364553530101,-0.17881674980576556,1.4486771343200329
2024-06-02,1796.5646804528049,0.06524540580546045,0.11530687337511392,-0.6086508243904527,0.820318578334924,1.4486771343200329
2024-06-03,1796.2212642049824,0.06470755966584361,0.235542334313051,-0.6230934937817801,0.3515768503625116,1.6411714478435957
2024-06-04,1795.8962827660712,0.36393582665973556,0.38234578162673266,-0.6369523812453068,-1.1904828522313662,2.165720935118556
2024-06-05,1794.788792719071,0.6300418479048007,0.5479629341772283,-0.6502159491330707,-2.15754261328684,1.6411714478435957
2024-06-06,1794.303782697059,1.036768467084596,0.7236924624428552,-0.6628732139422917,-1.8948297421414764,2.4534931065796157
2024-06-07,1793.2436336201545,2.651288017708214,0.9002855707062445,-0.6749137553129848,-1.4892247878806948,6.7136167316676865
2024-06-08,1791.5771826651485,2.4711929166363813,1.0683706920696288,-0.6863277245044341,-2.0390093904913136,3.7763876800078306
2024-06-09,1790.6363129536282,3.383856203559999,1.2188841053324495,-0.6971058523437443,-2.92260083490453,3.148832338200203
2024-06-10,1789.370471803827,2.215035395530673,1.343487013821346,-0.7072394566401637,-2.5437152013571094,2.0836543437442145
2024-06-11,1787.705439012327,0.5629624756584647,1.4349502351505763,-0.716720449059352,-0.5740709508946252,1.86626687913611
2024-06-12,1785.711392052743,-0.5184471249037987,1.4874891101577907,-0.725541341452274,1.4088521055973788,0.969037794976503
2024-06-13,1784.1290154953565,-0.728415493028679,1.4970334831008518,-0.7336952516339037,1.8272657264289047,0.9832662585811682
2024-06-14,1783.0411304139077,-0.054126632604381414,1.4614205324242897,-0.7411759086074028,1.0085324451027524,0.33657107817445536
2024-06-15,1781.9719962690724,-0.0026517422639047526,1.3805017099971932,-0.7479776572299766,0.5474253383576944,0.4335896803996546
2024-06-16,1781.888580858002,-0.052668474676168954,1.2561589198073144,-0.7540954623170864,1.0634552588510346,0.36153629416287003
2024-06-17,1782.9908440086645,-0.14522679603086464,1.0922291599958998,-0.7595249121822322,1.4557499770966174,0.4840952979809688
2024-06-18,1784.1707109178867,0.02132050340325676,0.8943409802468136,-0.7642622216100207,0.6343725606944643,0.4335896803996546
2024-06-19,1785.4916094441155,0.15269487078544286,0.6696700837240379,-0.7683042342607479,-0.7493639455959381,0.3238172460933802
2024-06-20,1788.325677095072,0.12956350354107163,0.4266250496128139,-0.7716484245052407,-1.0509336374576168,0.2016480272174257
2024-06-21,1789.9709751218695,0.09924111580488004,0.1744773043867049,-0.7742928986892225,0.12017605290609151,0.15059654739366324
2024-06-22,1792.5180066677344,0.10790209033490943,-0.0770480149647107,-0.7762363958269689,1.2569629890745118,0.24183603440665397
2024-06-23,1797.235932612943,0.11815666993143052,-0.3182018977902359,-0.7774782877245496,0.8539429560716759,0.20164802721742528
2024-06-24,1800.0800852336934,0.07559907101493293,-0.5396426540168562,-0.778018578533453,-0.69388643758124,0.2016480272174233
2024-06-25,1803.3049869796052,-0.011854795141544737,-0.7328490604846113,-0.7778579037359051,-1.734750218295952,0.27000570454240497
2024-06-26,1806.4690308388017,-0.10226301897067437,-0.8904968664679206,-0.7769975285637107,-1.6076505974967177,0.43358968039964785
2024-06-27,1809.997151288969,-0.16445274553900963,-1.0067817162010466,-0.775439345852935,-1.3908429821886739,0.5805744234353104
2024-06-28,1812.3967656162736,-1.0823830765576874,-1.077673960857421,-0.7731858733372685,-2.172051034497059,1.5561330029345954
2024-06-29,1814.4778266913036,-0.7548458769149599,-1.1010939020798323,-0.7702402503834014,-3.317745091220985,0.7237053009205776
2024-06-30,1816.299105127736,-0.3836179406656094,-1.0769995953905995,-0.7666062341722392,-3.218900052088756,0.4335896803996504
2024-07-01,1819.0684793882365,-0.14276155226480042,-1.007383282899952,-0.7622881953302829,-1.5343167310830355,0.49120331003605633
2024-07-02,1820.9445117368575,0.11495924283488967,-0.8961766429461528,-0.7572911130159817,0.17100702758906305,0.30145664877572187
2024-07-03,1823.217159440286,0.13550863144949019,-0.7490691539233505,-0.7516205694663535,0.33075090081384795,0.45066699806144084
2024-07-04,1823.2322239768675,0.06912567673373719,-0.5732477852526966,-0.745282744009642,-0.7177868852942283,0.24183603440665205
2024-07-05,1823.9444441251228,0.0614844003433823,-0.3770697736444831,-0.7382844065502512,-1.371864296132884,0.24183603440665252
2024-07-06,1823.8723642437703,0.08612268936128045,-0.16968325761050074,-0.7306329105326641,-1.0062995957920888,0.27000570454240386
2024-07-07,1823.8026820650305,0.10399133029791773,0.039387108336638665,-0.7223361853915136,-0.7188057235341001,0.4335896803996538
2024-07-08,1822.108557203972,0.16348321833318769,0.24067086211791638,-0.7134027284954112,-1.598758455928824,0.5484199082458803
2024-07-09,1821.814006520268,0.3728143341331138,0.4251793345422123,-0.7038415965926055,-2.996838035034069,0.7237053009205748
2024-07-10,1820.2013616832744,0.6405304299905807,0.5848108545797625,-0.6936623967669522,-3.272895142582761,0.969037794976486
2024-07-11,1819.3668578779443,0.5048540441717496,0.7127152855310621,-0.6828752769131248,-2.042887187181984,0.969037794976486
2024-07-12,1818.4655437878544,0.341943559769466,0.8036014555938509,-0.6714909157404045,-0.8219851911602584,1.297536783133154
2024-07-13,1816.9573750957331,0.42167975447819966,0.8539736250227536,-0.659520512314791,-1.1250611683042906,1.2079377952394619
2024-07-14,1815.7817681737383,0.7509326214538381,0.8622863357190902,-0.6469757751495937,-2.5671817653397815,1.0819137569915664
2024-07-15,1814.2649156738908,0.7983338595422139,0.8290106731824182,-0.6338689108550364,-3.506733816267987,0.902122693386092
2024-07-16,1814.638735781807,0.6855397075103044,0.7566089691328681,-0.6202126123577892,-3.2923913319727642,0.902122693386092
2024-07-17,1813.903024253796,0.5023440698276652,0.6494191054325564,-0.6060200467017259,-3.0110236050374195,0.808004316377251
2024-07-18,1813.6276105337336,0.7463145595788074,0.5134536598130921,-0.5913048424415517,-3.7573895640518806,1.3486414307414687
2024-07-19,1814.3697193231465,0.6255789730252289,0.3561229773382334,-0.5760810766412828,-4.902968214888514,1.2436707230101185
2024-07-20,1816.072433308302,0.4285763169363444,0.18589468514404045,-0.5603632614899309,-4.8413636174515196,1.5502768611756403
2024-07-21,1817.6515701074711,0.11548313913974657,0.011905036934717284,-0.5441663305470337,-3.2313865170406233,1.73085701295307
2024-07-22,1818.9563716615792,0.0021694628027317153,-0.15646035143055254,-0.5275056246309976,-1.6353119979323238,1.73085701295306
2024-07-23,1820.4490409080672,-0.0330997771678368,-0.3099974312435641,-0.5103968773635398,-1.6140251134501684,1.2436707230101185
2024-07-24,1821.7796793548348,-0.23817877311424976,-0.44010684299481306,-0.4928562003837637,-2.822235019000243,1.3165886250636452
2024-07-25,1822.973563811292,-0.18769265156483791,-0.539190109251777,-0.4749000682457206,-3.6469350370045235,0.7343315268408144
2024-07-26,1824.915234813012,-0.06258042061937573,-0.6010009892846282,-0.4565453030135478,-3.4508114523917945,0.4095757634897523
2024-07-27,1826.94918354582,-0.02238788193414373,-0.6209361070819427,-0.43780905856851693,-3.3180855975379453,0.3238172460933827
2024-07-28,1828.6396631388425,-0.046517629554892276,-0.5962517018951512,-0.4187088046425943,-4.323871539177822,0.3238172460933821
2024-07-29,1829.006669010015,-0.02357136089113656,-0.5261966812620293,-0.3992623105933081,-5.804463887878563,0.24183603440665397
2024-07-30,1829.173078033721,-0.044683569174533776,-0.41205593037240795,-0.3794876289349259,-6.1058785778889435,0.36153629416286365
2024-07-31,1828.776675653392,0.018982306971357804,-0.2571018784541777,-0.35940307864117316,-4.831462896165131,0.4335896803996563
2024-08-01,1827.6406826282837,0.08311919061260406,-0.06645646006621558,-0.33902722823487075,-3.485644998990984,0.5200031476352571
2024-08-02,1827.5798980012369,0.13832674616876472,0.1531303497983647,-0.31837887868004,-3.5750037184179826,0.5200031476352571
2024-08-03,1827.0604990589145,0.21234916676299173,0.3935754853201717,-0.2974770460922067,-4.709257586244098,0.4840952979809688
2024-08-04,1824.601397671429,0.30465645847127926,0.6458179682518121,-0.2763409442827415,-5.2447753171708795,0.5200031476352562
2024-08-05,1823.149833482973,0.3538787438217364,0.9002183423596543,-0.25498996715319777,-4.531798354141342,0.5805744234353116
2024-08-06,1819.5303587006345,0.3393455476311818,1.14698439448315,-0.23344367095576052,-3.6624615850429096,0.5805744234353116
2024-08-07,1817.313530677853,0.3660493352381649,1.376604006307811,-0.2117217564359446,-3.740449775610129,0.5805744234353127
2024-08-08,1813.7697365857089,0.3721068684561893,1.5802656581854666,-0.18984405087383271,-4.149638324165319,0.5200031476352562
2024-08-09,1810.49363960198,0.3640541995612465,1.7502476618509235,-0.16783049004016137,-3.2991620152240677,0.6482011939352144
2024-08-10,1807.0575840612803,0.13628680641110416,1.8802586076305916,-0.14570110008361706,-0.8660254037844775,0.36153629416286576
2024-08-11,1803.1612053098436,-0.015334175704571715,1.9657137101891067,-0.12347597936577473,1.5672284536318004,0.7237053009205763
2024-08-12,1799.8979862152053,-0.17077819802793184,2.003934625873384,-0.10117528026009547,2.4180564846301857,1.3165886250636425
2024-08-13,1796.6794969582477,-0.006902582716801584,1.9942637640047478,-0.07881919093140895,2.009454086594791,0.8080043163772447
2024-08-14,1794.4853612016102,0.03960472160860648,1.938087968486509,-0.0564279171123294,1.9322863956546645,0.6836236298172806
2024-08-15,1792.461802437024,0.019442420494720718,1.8387705310316262,-0.03402166389299821,2.802677902404975,1.0977995878586104
2024-08-16,1789.7743930716615,0.08059437751184517,1.701494628954504,-0.011620617540504185,3.5169436983166644,0.6737311781529696
2024-08-17,1788.6423811746497,0.11273050806788754,1.5330252724885174,0.010755072635672531,2.982948721014891,0.6034408667652729
2024-08-18,1787.6271437572575,0.12107794253251869,1.341400518959384,0.03308531235598795,1.850451321400306,0.6034408667652705
2024-08-19,1788.309768831366,0.12368202789723384,1.135565898255283,0.055350080364737125,1.7630825469734153,0.5031618245979752
2024-08-20,1788.3726783413167,0.17074005087120778,0.9249685521623157,0.07752944632947903,3.1111235965296915,0.7522090819744767
2024-08-21,1788.8894444883122,0.21933232972785552,0.719129403922651,0.09960358863003979,4.387995337038667,0.9021226933860954
2024-08-22,1790.1198326702174,0.21273169363780464,0.527212662035526,0.1215528120212392,4.08926927970513,1.0219930802814419
2024-08-23,1791.5090031803836,0.15772649070481512,0.3576120793301166,0.14335756515366097,2.6115977735750624,1.0219930802814399
2024-08-24,1793.9585284509767,0.13732547948675547,0.2175726294328168,0.16499845793693854,1.6089644889644623,1.5278434076690914
2024-08-25,1795.059545523109,0.12137083002083002,0.11286466217201596,0.18645627873016132,1.7450743884868827,1.368443646519378
2024-08-26,1795.2128418025236,0.11014896392739493,0.04752522941307369,0.2077120113442197,1.944812947262076,1.2256740476801764
2024-08-27,1795.7161650918724,0.10376606573765437,0.02367824019981879,0.22874685184110208,1.1239583435044016,1.3684436465193754
2024-08-28,1796.6338635623215,0.09983480923505686,0.041441545683201686,0.24954222511532806,-0.08017622832235607,1.2436707230101136
2024-08-29,1797.1523203504844,0.09966566505748642,0.0989251306418088,0.27007980124295783,-0.05458464237530147,0.9832662585811797
2024-08-30,1797.7078360467492,0.1535548201620179,0.1923204764157272,0.2903415115838486,1.5460233631521156,1.4699481827636245
2024-08-31,1795.8747305499398,0.2810292622782255,0.31607704525006436,0.3103095646230328,3.160762121174482,1.3885366199003002
2024-09-01,1795.5580815351382,0.44018116942160423,0.46315790397032247,0.32996646153741727,3.2273559027634593,1.641171447843599
2024-09-02,1795.1597116586674,0.6753221324469405,0.6253629329391788,0.34929501147420394,2.086993287163493,3.0039642912794813
2024-09-03,1793.0268376267384,0.5115942215631327,0.7937050154830341,0.36827834652775654,1.3460695083024292,2.4895179526199978
2024-09-04,1790.7265543055069,0.6207155760736737,0.9588222110281617,0.3868999364019299,1.633104823524221,2.045774716523045
2024-09-05,1789.5359066945132,1.0802663009327622,1.1114072899406067,0.40514360274514805,1.8533395369380357,2.7965311274060465
2024-09-06,1786.2928298894983,0.7673080356116088,1.2426352228306072,0.4229935331458681,0.9199035582471529,3.2852150550308323
2024-09-07,1784.6992605601586,-0.18337069121924368,1.3445693072861977,0.4404342947763858,-0.5158779514506648,2.2109828974626526
2024-09-08,1783.2916277908078,-0.30898986959260966,1.4105275765837433,0.4574508476732495,-0.812392684367605,1.859243621237418
2024-09-09,1782.3863105557796,0.32088204806769655,1.435392924527038,0.47402855764292395,0.41529182448311985,1.8592436212374108
2024-09-10,1781.5514719913526,0.759191375016565,1.4158529174883383,0.490153208781697,1.6523026430714605,1.3684436465193888
2024-09-11,1779.6675031773118,0.40317407374422054,1.3505584345567276,0.5058110155991572,1.3834678009931238,0.7632538313139571
2024-09-12,1779.390129060948,0.09848680629787691,1.2401939364879055,0.5209886347349963,-0.007171088138365089,0.9153686369151924
2024-09-13,1778.7729743074794,-0.039179096943756264,1.0874561488442238,0.5356731762592174,-0.879465713405957,0.6482011939352093
2024-09-14,1779.4118469884036,0.04575233371445262,0.896942074608674,0.5498522145462569,-0.5840973536526571,0.45066699806143906
2024-09-15,1781.4355759336906,0.0821016867606286,0.6749513403967902,0.5635137987139255,-0.21044285152786035,0.5404839370514362
2024-09-16,1782.5148150338855,0.05718897279432578,0.4292117437710679,0.5766464626184525,-0.8562162415234846,0.4840952979809632
2024-09-17,1784.1615480282917,0.06598034108101244,0.1685403328467458,0.5892392343973585,-1.8962369119612124,0.43358968039964957
2024-09-18,1785.59199407981,0.11871855687927477,-0.09754474284785561,0.6012816455522979,-1.7277639813196666,0.4335896803996504
2024-09-19,1788.9228388939391,0.1008089202287504,-0.35924415056921977,0.6127637395644213,-0.013500405259096404,0.4335896803996504
2024-09-20,1791.2285937392414,-0.015529974404741308,-0.6069101684120738,0.623676080035257,1.680232282798651,0.4335896803996504
2024-09-21,1794.688794792418,-0.09138560329880303,-0.8314728803633887,0.6340097583465544,1.7884349999686933,0.4840952979809632
2024-09-22,1799.2446069664284,0.021911056415254735,-1.0248405939497878,0.643756400832948,0.6523056653884168,0.4335896803996504
2024-09-23,1802.981566143543,0.11523886725290268,-1.1802564632554635,0.6529081754617793,-0.11913191558075892,0.3883533092206741
2024-09-24,1806.567135652317,0.07188589572057232,-1.2925952736453543,0.6614577980148533,0.10765059749670158,0.7343315268408244
2024-09-25,1810.0591891225768,0.031581270545383434,-1.3585870414599635,0.6693985377673529,0.2449281920541196,0.7343315268408129
2024-09-26,1812.179463995869,0.29951293380889105,-1.3769573806307958,0.6767242226596197,-0.7855559168485019,0.6482011939352219
2024-09-27,1814.8034648505072,0.46311412708287847,-1.3484783398380473,0.6834292439579451,-2.3228053458765827,0.40364895191321154
2024-09-28,1816.5427955705295,0.5858271637999629,-1.2759274493050763,0.689508560401,-2.7150465538000614,0.4840952979809716
2024-09-29,1817.7965296192456,0.30701439543204323,-1.1639568536087428,0.6949577018289986,-1.5672833913779352,0.3883533092206681
2024-09-30,1819.9506161809832,0.15606873339471844,-1.0188784594017082,0.6997727722931494,-0.3850015595912993,0.4840952979809688
2024-10-01,1821.1233834596444,0.1550997873753637,-0.84837481193629,0.7039504526434289,-0.6752047073901916,0.32381724609337953
2024-10-02,1821.127267690893,0.2949456519003299,-0.6611487610598695,0.707488002593189,-2.0473818058261086,0.48409529798096784
2024-10-03,1821.0648666781967,0.31516615113586743,-0.46652773499360806,0.7103832622595683,-2.8570085155406857,0.5404839370514425
2024-10-04,1819.7153919968596,0.27484859054635463,-0.2740404843532048,0.7126346531791634,-2.4527733826321256,0.867938171619176
2024-10-05,1818.556172516724,0.15304463325681414,-0.09298539734807851,0.7142411787988873,-1.9246149560414012,0.9832662585811797
2024-10-06,1817.846485802724,0.05261520022647194,0.06799013593805815,0.7152024244424066,-2.3734071072601703,0.9832662585811797
2024-10-07,1817.0736414673445,-0.11083395010886815,0.20128033381142538,0.715518556753031,-3.179640650879147,1.0977995878586126
2024-10-08,1816.886487110112,-0.17218879641234264,0.300663988794091,0.7151903226143912,-2.748544202423919,1.0977995878586126
2024-10-09,1816.6704746359767,-0.007208902295042591,0.36158432204652574,0.7142190475507121,-0.7527569454433234,1.3165886250636374
2024-10-10,1816.75667105023,0.2951552440098735,0.38135310899543007,0.712606633608951,1.2299311367657084,1.3885366199002973
2024-10-11,1816.0107574095548,0.38555366141162484,0.3592698773732222,0.7103555567255389,1.6220384673915658,1.6411714478435926
2024-10-12,1815.5409565026343,0.22421549046041872,0.29665081230297824,0.7074688635809129,0.7518447953825799,1.8706337617157551
2024-10-13,1814.9609369784869,0.1298740001362412,0.1967660784168298,0.7039501679454946,0.21563222665800363,2.3605218410059137
2024-10-14,1815.3031545832173,0.12049191893598164,0.06468840246296509,0.6998036465212106,0.6349816388505395,1.6754707146918473
2024-10-15,1815.6873666940432,0.05968509868732437,-0.09294023499756536,0.6950340342831091,0.9116095311938461,1.6411714478436086
2024-10-16,1815.6914450295487,0.10919864725471348,-0.2682132540246603,0.6896466193260566,-0.041366529268663244,2.779503271368673
2024-10-17,1816.9191972687445,1.1009918030203332,-0.45232171058520126,0.6836472372219506,-1.5691757585821686,4.9112799895102
2024-10-18,1819.13914520004,2.5565190745589836,-0.6359577478508792,0.6770422648933051,-2.0235021698729234,6.7136167316676465
2024-10-19,1820.6113204425967,2.048726200208101,-0.8097410372967216,0.6698386140094899,-1.0097886332521906,8.471802044623047
2024-10-20,1822.645445989221,0.17029306116622317,-0.9646489441680584,0.6620437239123419,-0.030821538646113034,8.471802044622999
2024-10-21,1824.6225021850448,1.03010438987393,-1.0924309816943045,0.6536655540782522,-0.5877852522924498,5.275575003754257
2024-10-22,1826.92881106728,2.748155803780096,-1.1859888249554669,0.6447125761242641,-2.2813873635623976,3.6148086357020697
2024-10-23,1829.4071461340352,2.8632462927614073,-1.2397047066979474,0.6351937653660996,-3.4556525962478375,2.4179895620750957
2024-10-24,1830.7697376824312,3.1965115097179293,-1.2497033436911793,0.6251185919364256,-3.4455653447723,2.7392821605651227
2024-10-25,1832.292061516936,1.785335016209726,-1.2140355385083825,0.6144970114720587,-3.3256304600870665,1.6174226941251597
2024-10-26,1832.4541936587968,1.3982249845691674,-1.1327751327778313,0.6033394553791798,-4.180168190398589,1.0819137569915749
2024-10-27,1832.672691026812,3.0143513600009477,-1.0080248947361636,0.5916568206859821,-5.372665998093435,2.1657209351185682
2024-10-28,1833.654760889821,2.0911284968942514,-0.8438310301320454,0.5794604594925576,-5.2916018966525,1.8323392299129386
2024-10-29,1832.7991882660808,0.5060168050873491,-0.6460101259904939,0.5667621680281526,-3.593821990496504,0.7343315268408158
2024-10-30,1832.2260214725552,0.23299428297730343,-0.4218962856260111,0.5535741753262605,-1.8429573870904283,0.7343315268408158
2024-10-31,1829.2676564021208,0.15794329898303694,-0.1800198124937572,0.5399091315283663,-1.6045841185366956,0.8806821809344241
2024-11-01,1826.9695490879824,0.06554564927697805,0.07026811233036862,0.5257800958274562,-2.5413045520152076,0.8806821809344224
2024-11-02,1823.574808459493,-0.14625897246478742,0.31920787828102926,0.5112005240627068,-3.050932057405494,1.1792290558079488
2024-11-03,1820.2726495222344,-0.24321058650088195,0.5570624634131971,0.49618425597709775,-2.509492295557406,1.1792290558079488
2024-11-04,1817.135788241166,-0.2715561102568689,0.7745476286201506,0.4807455021499257,-2.016542043980351,1.1792290558079488
2024-11-05,1813.1628254676104,-0.5592581455884068,0.9632419302947413,0.46489883061651965,-2.6639093381643564,1.3165886250636374
2024-11-06,1809.037370405088,-0.6320798773367039,1.115958102789842,0.4486591531876917,-3.805295113826265,0.9153686369151799
2024-11-07,1805.0272953386432,-2.1316088258704755,1.2270591028785092,0.43204171148170195,-3.8040879683715376,2.6354813679123046
2024-11-08,1800.8236029479249,-0.8689646282300512,1.2927046025775457,0.4150620626817862,-2.280238966157553,1.8865430520069653
2024-11-09,1798.4588405867703,-0.07818819485472264,1.31101685170126,0.39773606503249076,-0.7532979325769757,1.0819137569915664
2024-11-10,1795.6758071839924,-0.06419311791185632,1.2821584659746763,0.3800798630882752,-0.7428224650410945,1.0819137569915684
2024-11-11,1793.3176051392786,-0.18124246325876348,1.2083186665535732,0.3621098727280709,-1.8687869231682448,0.8198683118453363
2024-11-12,1791.4415367268552,-0.5368474928968383,1.093608623334385,0.343842765949645,-2.4946186605443437,1.6174226941251502
2024-11-13,1790.4426114918645,-0.05332003316275175,0.943870651395434,0.32529545545779476,-1.9740727262994064,0.6034408667652693
2024-11-14,1789.0356961883138,0.04456528871695034,0.7664098925312613,0.3064850790605957,-1.3990464818061499,0.4036489519132154
2024-11-15,1789.3161280425486,0.022714327590856825,0.5696606070303806,0.28742898388802035,-1.8691810574773122,0.6034408667652682
2024-11-16,1789.4362244994766,0.03221501883891481,0.36280214707482317,0.26814471044743887,-2.760601268456822,0.6034408667652693
2024-11-17,1788.9639799816646,0.07125958245946065,0.15534194954566055,0.2486499765305993,-2.471234175113851,0.7237053009205721
2024-11-18,1789.8361116339818,0.1036562362549543,-0.04331562959712121,0.22896266098679688,-0.6638100672730651,1.2256740476801693
2024-11-19,1790.1062945129927,0.06535703017539035,-0.22429518176171415,0.20910078737706658,1.0959532102196317,1.617422694125144
2024-11-20,1791.1308455292872,0.01733912128044498,-0.3796515975644657,0.18908250752428984,1.2442692262029191,2.2109828974626353
2024-11-21,1792.4939772930295,0.0864795617941392,-0.502728797452658,0.1689260849741726,0.12412345680423742,3.114989342270278
2024-11-22,1795.0552321787372,0.21199160324806626,-0.5884596599588021,0.14864987838214078,-0.653143176539992,4.656798586382322
2024-11-23,1797.231628871514,0.14823551952580277,-0.6335936216752476,0.12827232484121126,-0.45121136310393384,3.114989342270278
2024-11-24,1798.699877859643,0.1321149085459192,-0.6368416882921323,0.1078119231659238,-0.35460622357751115,3.114989342270278
2024-11-25,1798.9898582322155,0.17478879231666514,-0.5989323240312712,0.08728721714746757,-1.4380485798015172,2.3605218410059003
2024-11-26,1800.282319240791,0.19290545046543986,-0.5225757093857839,0.06671677879510605,-3.0367493188122365,2.0836543437442105
2024-11-27,1800.0975426655202,0.1584208900135152,-0.41233799280612277,0.046119191578989936,-3.494969574132234,2.0836543437442145
2024-11-28,1799.286012892525,0.11527146708285078,-0.27443122432143263,0.025513033689464962,-2.413662631096162,2.114248816063463
2024-11-29,1798.208820789139,0.10092562361591227,-0.11642846482371477,0.004916861327876615,-1.2942671826891792,2.1142488160634754
2024-11-30,1797.4906942929508,0.10170076176361634,0.05308305778192668,-0.01565080795611315,-1.6398318981381612,2.5047692940148303
2024-12-01,1795.6799663109432,0.13162760646948948,0.22489507748278487,-0.036171511865789194,-3.056069180240893,3.003964291279464
2024-12-02,1793.940658080975,0.2353845697921712,0.38959994592042313,-0.05662685988239725,-3.8949391099893433,3.7445412571077945
2024-12-03,1791.0702694877596,0.32048262681890677,0.5380217677192665,-0.0769985496991385,-3.5019527711844063,3.6148086357020413
2024-12-04,1789.271152988336,0.3083376187153104,0.6616375381826879,-0.0972683835495132,-2.9642795140506992,2.5973443420590194
2024-12-05,1787.1506596314505,0.36177724950709056,0.7529692548305174,-0.11741828441549984,-3.380494042710001,2.0836543437442105
2024-12-06,1785.3538035917911,0.30805471243733507,0.8059292812810644,-0.13743031210115503,-4.129310194573691,1.0819137569915749
2024-12-07,1782.568645948396,0.20712317892626717,0.8161033484314055,-0.1572866791573971,-3.614743307186356,0.5484199082458909
2024-12-08,1780.9472412504138,0.1645696155953335,0.7809583887684293,-0.17696976664389116,-1.5088130134710458,0.7343315268408086
2024-12-09,1781.264921954351,0.08319591574958837,0.6999657881881264,-0.1964621397140913,0.6106985840915606,0.4840952979809688
2024-12-10,1780.898861109952,0.07577183433236494,0.574634453096194,-0.21574656300971037,1.1657006297888846,0.40364895191321465
2024-12-11,1780.5413830441726,0.09149680853236201,0.40845215683054226,-0.23480601585107927,0.48325351823749574,0.45066699806144167
2024-12-12,1781.1076432537589,0.09708683099589459,0.20673776520326742,-0.25362370721002475,0.1578294581014974,0.9153686369151763
2024-12-13,1781.833717963567,0.10279203228904452,-0.02358904031277409,-0.27218309045217476,0.8086404964033828,1.1577913556555652
2024-12-14,1783.7210931862803,0.13484842642817904,-0.27431020277108736,-0.2904678778357653,1.334518445896913,0.7744607516387119
2024-12-15,1786.113325623539,0.12076327131763859,-0.536270299934832,-0.30846205475430216,0.645234041409874,0.4572841795717942
2024-12-16,1789.42452281361,0.0812975296337902,-0.7997798895170833,-0.32614989371068204,-0.6081876133964041,0.28476078343832345
2024-12-17,1792.5012873383084,0.06993276739519054,-1.0550430449448887,-0.34351596801060613,-0.781503409446173,0.25505171728859083
2024-12-18,1795.634283678872,0.12599929460994275,-1.2925898456124367,-0.3605451651634239,0.5155223113097568,0.25505171728859083
2024-12-19,1798.38489439587,0.24470614915059902,-1.5036943614082101,-0.37722269997882624,1.7756171112885615,0.3415129796782127
2024-12-20,1801.5730649591333,0.27011578367163874,-1.6807593245564942,-0.3935341273480678,1.4930337875255217,0.40957576348975067
2024-12-21,1805.0833002311813,0.11024293880689441,-1.8176501830465681,-0.40946535469873363,0.06251495790901196,0.5105497920701242
2024-12-22,1807.7038796041124,-0.1413057909941328,-1.9099635114351412,-0.42500265411237304,-0.8644107353221367,0.8198683118453332
2024-12-23,1811.7113908845477,-0.036453871200892954,-1.9552177137081104,-0.4401326740946115,-0.6269825377730864,0.603440866765267
2024-12-24,1815.620485074585,0.018288463647154637,-1.9529574557391487,-0.45484245098773385,-0.30368298133778904,0.7237053009205721
2024-12-25,1817.4393147847693,-0.25696063629683547,-1.9047671537142348,-0.46911942001601625,-0.9824523590270522,0.9690377949764954
2024-12-26,1818.7462702970545,-0.3034027926172114,-1.8141929443269535,-0.48295142595446555,-2.029966588797382,0.5404839370514394
2024-12-27,1819.9402144657265,-0.2894761780237059,-1.686576687715142,-0.49632673341197525,-1.8373945765626623,0.6034408667652729
2024-12-28,1821.102854891972,0.09088000543156888,-1.5288095189712867,-0.5092340367202438,-0.06371907416692024,0.45066699806144084
2024-12-29,1821.2410037898596,0.37592659713363474,-1.3490160898144234,-0.521662469420199,1.7258926647830128,0.5404839370514394
2024-12-30,1820.922473878844,0.3754053842510868,-1.1561837651508349,-0.5336016133380369,1.9649638619246805,0.5404839370514404
2024-12-31,1820.6993819520867,0.24132257438829818,-0.9597535189347398,-0.5450415072433552,0.9906496323819477,0.6482011939352156
2025-01-01,1810.6022608487508,0.15997934392130114,-0.7691909981486358,-0.5559726550822632,0.40556259750646506,0.8198683118453332
2025-01-02,1814.502754696196,0.196884930389666,-0.5935571150993695,-0.5663860337787437,0.8347690936167664,0.8198683118453332
2025-01-03,1818.2868270516265,0.17741963078094197,-0.4410975463843994,-0.5762731005979282,1.180455073038451,0.6123012398640931
2025-01-04,1820.6355857424164,0.11919946205769294,-0.31886966101940434,-0.5856258000653639,0.3531581803592593,0.6836236298172753
2025-01-05,1823.65592728253,0.03033603631168805,-0.23242370894744896,-0.5944365704367612,-0.9978736771141783,1.2079377952394572
2025-01-06,1825.8289746725784,0.04805162932826059,-0.18555265076471245,-0.6026983497131064,-1.232548145174131,0.9021226933860954
2025-01-07,1827.881305583353,0.10131365361320951,-0.18012191052483906,-0.6104045811964686,0.03313540778732316,0.6836236298172766
2025-01-08,1828.7851257103944,0.12226567911833684,-0.21598672570384425,-0.6175492185822223,1.2839790806640035,0.30588296215352073
2025-01-09,1829.1827054884964,0.1416989900540031,-0.29100081454618404,-0.6241267305838516,1.0050990974889706,0.5404839370514456
2025-01-10,1830.6486370443672,0.08357365768716382,-0.40111595940514844,-0.6301321050869236,-0.4185678396703232,0.3757757247138743
2025-01-11,1830.6591550175615,0.06521150322499629,-0.5405680012368272,-0.6355608528292386,-1.3453901518369273,0.1806101072228579
2025-01-12,1830.6399468463185,0.0489414227142207,-0.7021408401876654,-0.6404090106046078,-1.1240084605310738,0.24183603440665538
2025-01-13,1828.6040922759744,0.031018897029372997,-0.8774965161457575,-0.6446731439881387,-0.841243821122597,0.3465274435382135
2025-01-14,1827.4260786594448,-0.20851623636870953,-1.0575564600200649,-0.6483503495813357,-1.5917922460313343,0.6737311781529696
2025-01-15,1826.178629891613,-0.5424057159932979,-1.2329166959222284,-0.6514382567757675,-2.7470553547599135,0.6936613331830183
2025-01-16,1824.01006416456,-0.3725461162219222,-1.3942782405730723,-0.653935029034482,-2.7005455986631475,0.45728417957180045
2025-01-17,1821.5378789562649,-0.20820302323559142,-1.5328732583305338,-0.6558393646907867,-1.1109681788846517,0.6577187866898446
2025-01-18,1821.7018557843344,0.21272704188937777,-1.640867719275081,-0.6571504972644496,0.4595209757492199,0.5404839370514404
2025-01-19,1820.8378688999617,0.41509413993406563,-1.7117223652782063,-0.657868195295804,0.4501692175227294,1.4789534126895447
2025-01-20,1820.1193667747448,-0.3212664200173059,-1.7404956672386769,-0.6579927616986785,-0.7935873501420744,1.1045249526144396
2025-01-21,1819.5906924529188,-1.5448622272073829,-1.72407507099867,-0.6575250326335067,-1.658584369246435,2.0836543437442145
2025-01-22,1818.6875832593148,-0.9206744224345466,-1.6613260619522168,-0.6564663759023938,-1.507338487809249,1.4789534126895505
2025-01-23,1818.4295519555992,-1.2442465171281802,-1.5531522832535145,-0.6548186888683496,-1.4238899420870812,2.210982897462648
2025-01-24,1819.2740066893475,-3.2881202102286506,-1.4024639527388754,-0.6525843959013223,-2.4831607715492208,3.550515236352624
2025-01-25,1819.9170394947469,-4.302655503842004,-1.2140559583400983,-0.6497664453540863,-4.021243185727175,3.3053410140772757
2025-01-26,1821.357604681309,-3.8107620747265263,-0.9944010844203632,-0.6463683060714586,-4.383940929194726,3.3053410140772757
2025-01-27,1823.375976040423,-2.583326727389066,-0.7513676484338951,-0.6423939634367285,-3.1743799218542845,4.17095522137145
2025-01-28,1824.417925480368,-0.45448489871769227,-0.49387423600508346,-0.6378479149596008,-1.8967584112433582,2.210982897462648
2025-01-29,1825.7983097813944,-0.12825725042647335,-0.23149705921041286,-0.6327351654103546,-2.0574174373194367,1.8058241615713497
2025-01-30,1827.565848551338,0.12307636707134223,0.025952400405222564,-0.6270612215053198,-3.2658305356152875,1.0219930802814399
2025-01-31,1828.449979934268,0.31990404906825615,0.26886046210563785,-0.6208320861491762,-3.878114918517394,0.808004316377251
2025-02-01,1828.958911665286,0.3057751400151495,0.48823554388393453,-0.6140542522399556,-3.2442547357319373,0.5031618245979752
2025-02-02,1830.5745513106297,0.35557674328734706,0.6761045972773012,-0.6067346960430353,-2.4561225211426447,0.6034408667652716
2025-02-03,1831.304249623388,0.31967336770559557,0.8258638440006626,-0.5988808701407531,-2.617136368868003,0.4036489519132154
2025-02-04,1832.162025215308,0.41218166967993325,0.9325680391433331,-0.5905006959646922,-3.1109014421005456,0.4335896803996554
2025-02-05,1831.311962555937,0.22353754838047674,0.9931452567472581,-0.5816025559180018,-2.3462794896644654,0.2166053033459206
2025-02-06,1830.7070724216007,0.10026782085274569,1.0065275509449032,-0.5721952850955024,-1.0680345496894006e-13,0.2739702210556484
2025-02-07,1829.9062477376715,-0.04747937129330147,0.9736916380710936,-0.5622881626096854,2.345670293487243,0.2739702210556484
2025-02-08,1827.9497589027887,-0.07688894345064096,0.8976078012546451,-0.5518909025310182,3.1084651212969248,0.2739702210556484
2025-02-09,1825.8949847007057,-0.04185536557182494,0.7830993560226991,-0.5410136444513355,2.611656386383137,0.30588296215352306
2025-02-10,1822.7684218575848,0.01649622634635221,0.6366190468434951,-0.5296669436794204,2.446384657840984,0.24183603440665488
2025-02-11,1819.161365406695,0.034290832585489435,0.465952488488042,-0.5178617610781675,3.229048015315784,0.20164802721742686
2025-02-12,1817.4442099245557,0.05406325222165627,0.27986205376692835,-0.5056094525530528,3.8562325301985076,0.2016480272174265
2025-02-13,1813.1361905821516,0.08704430047196315,0.08768729233436917,-0.4929217582019401,3.2360707538995555,0.22513649709817204
2025-02-14,1810.384185501764,0.11686196561731588,-0.10108007714858863,-0.47981079113650776,2.0185845382673904,0.4036489519132154
2025-02-15,1806.8295440010893,0.1437550497503902,-0.2772274154100195,-0.46628902598588595,1.8476635845723903,0.4335896803996546
2025-02-16,1803.8747209326284,0.2545504715569331,-0.4322391870309447,-0.45236928709337704,3.1138421782489365,0.6034408667652741
2025-02-17,1800.4737762134907,0.33971606355640316,-0.5586828959981396,-0.43806473641733895,4.3107880021966976,0.5404839370514446
2025-02-18,1798.0325157250925,0.47334491880012425,-0.6505455177480873,-0.42338886114761665,3.934312427580938,0.8198683118453347
2025-02-19,1795.6580273340712,0.39816523427865014,-0.7035052489261435,-0.4083554610491028,2.3813000423805475,1.036999090802825
2025-02-20,1793.8585840355618,0.17895205191384486,-0.7151263164973305,-0.3929786355442763,1.3059584917988534,0.5105497920701192
2025-02-21,1793.0947373933257,0.2546839205766497,-0.6849680611205398,-0.3772727705467306,1.372207830084213,1.036999090802825
2025-02-22,1792.0970525687633,0.1861921504656897,-0.6146033791769554,-0.36125252505795125,1.5051391470484865,0.6123012398640943
2025-02-23,1792.1864191769275,0.1235656990109801,-0.5075456989963072,-0.34493281753979826,0.6207261921179642,0.5105497920701172
2025-02-24,1792.1203622161704,0.08021649629216436,-0.3690877951248238,-0.328328812075284,-0.6435328503361903,0.6123012398640968
2025-02-25,1792.5937645167096,0.08619074332936734,-0.2060597237246503,-0.31145590433045217,-0.6744579534997505,0.7744607516387179
2025-02-26,1793.3211992717377,0.10418493101735682,-0.026516812906829335,-0.294329707330326,0.8734034804289446,1.368443646519378
2025-02-27,1794.3101015095297,0.015021883351961966,0.16062820068310407,-0.27696603706199047,2.439316112243438,1.8706337617157587
2025-02-28,1795.9918188312088,-0.05513953033672511,0.3460122758051578,-0.2593808979180528,2.461142123755506,1.6754707146918537
2025-03-01,1796.9325593023193,-0.0261258711094485,0.520250025331656,-0.24159046799385692,1.2801952140338062,1.8706337617157551
2025-03-02,1798.6540548578828,0.040688238454621425,0.674363200745797,-0.22361108425187887,0.5029826084049025,1.8706337617157551
2025-03-03,1799.7893855456675,0.0347761347859422,0.8001923021137289,-0.20545922756688195,0.7581231268736854,1.2512897268254628
2025-03-04,1801.0316597111462,0.016968749552832167,0.8907717169711264,-0.18715150766550046,0.9509419451804013,1.2512897268254652
2025-03-05,1801.7687401491155,0.10062118164245172,0.9406514341896959,-0.16870464797393422,-0.005360069924965516,0.9892899666552122
2025-03-06,1802.6486104855649,0.18044214295171276,0.9461507863064319,-0.15013547038755373,-1.459400899086177,0.9209763890380506
2025-03-07,1802.317955067618,0.19122280367555672,0.9055327374449167,-0.13146087997626682,-1.7695256193957034,1.0282540374896978
2025-03-08,1802.3353197366637,0.1199302759552557,0.8190908156722907,-0.11269784963947295,-0.5507734979923627,0.9209763890380506
2025-03-09,1802.256088639413,0.0812194530930835,0.6891447268899029,-0.09386340472451275,0.6819963901443314,1.0282540374896998
2025-03-10,1801.4067240248935,0.09100252071529222,0.5199448045434908,-0.07497460762253332,0.41361149795534846,1.3684436465193754
2025-03-11,1799.9383184499436,0.12176833869469508,0.31748955987980365,-0.056048542355626375,-0.9719015534351639,2.960495092356745
2025-03-12,1798.685051132461,0.10494252101703896,0.089264515796451,-0.037102299169142636,-1.8344238028648479,1.8323392299129564
2025-03-13,1797.0505952050553,0.097116031868226,-0.1560859431822432,-0.018152959143058797,-1.5246801370958303,1.7373952928475476
2025-03-14,1795.9068558148626,0.1006412012754875,-0.4091389516969858,0.0007824211638281823,-1.1321051255118257,2.453493106579606
2025-03-15,1793.1562778142916,0.12130764405442014,-0.6601086665707552,0.01968682502307831,-1.7544844689446826,2.19752039811473
2025-03-16,1791.3145314587582,0.137129327606105,-0.8992781994412278,0.03854329078548265,-2.7667229430932627,0.9153686369151728
2025-03-17,1789.2220836084034,0.1419287677125718,-1.1174285451390817,0.0573349270559732,-2.566178517535466,0.6034408667652729
2025-03-18,1788.682935351446,0.12232173929317382,-1.3062452069246409,0.0760449277810741,-0.8156661674050787,0.6482011939352319
2025-03-19,1788.4439570752656,0.06173249650309802,-1.4586842248336669,0.09465658723543739,0.9183677185849736,0.7237053009205862
2025-03-20,1787.3700583291404,0.061615959624585444,-1.5692811433488216,0.11315331489411885,1.0707867352821325,0.4840952979809584
2025-03-21,1787.747397573878,0.1011147721015241,-1.6343890268804355,0.131518650177434,-0.017360583320416456,0.5404839370514488
2025-03-22,1789.1179536798438,0.13734584191566368,-1.652334830104983,0.14973627705530965,-0.7372114416441671,0.48409529798097445
2025-03-23,1789.9240452200488,0.12548616987125144,-1.6234871108235032,0.16779003849819374,-0.45540966251929327,0.48409529798097445
2025-03-24,1791.7313968693934,0.11162287743523673,-1.5502320696775764,0.1856639507618055,-0.2598630724921206,0.3615362941628679
2025-03-25,1795.6709721344812,0.15478352023277966,-1.4368590335557798,0.20334221749311646,-1.2290213882117138,0.3615362941628679
2025-03-26,1797.495351683016,0.1783912150464237,-1.2893605814731481,0.22080924364513665,-2.7020907140608252,0.24183603440665724
2025-03-27,1801.3557127297436,0.2222816840045352,-1.1151563590248172,0.23804964918832824,-3.0275089636338017,0.3615362941628679
2025-03-28,1804.7474864235787,0.1485790233608911,-0.9227530666995103,0.2550482826066142,-1.8104997951781523,0.2700057045424075
2025-03-29,1808.893248120324,0.11877058809670678,-0.7213559832944554,0.27179023416616405,-0.5567764315417936,0.4036489519132209
2025-03-30,1812.4984150244024,0.13553723117374086,-0.5204495687071815,0.28826084894541615,-0.7735770975664195,0.7237053009205735
2025-03-31,1815.7011361014609,0.19102395474484155,-0.32936608205040196,0.3044457396149759,-2.070631713629522,1.040916335413598
2025-04-01,1820.2023548445568,0.14806734061899998,-0.15686168859333735,0.32033079895627004,-2.8036625641931807,0.8080043163772478
2025-04-02,1823.5515926411017,0.10457018834698752,-0.0107191882468234,0.3359022121081476,-2.321609778319798,1.2256740476801882
2025-04-03,1825.4694757114264,0.07137050099570415,0.10260470543524242,0.35114646853082254,-1.7146677172840523,1.1139186717189868
2025-04-04,1827.5229886918496,0.06894966566793126,0.17827161916515194,0.36605037367682824,-2.0839695521056485,0.5484199082458856
2025-04-05,1830.1458176548429,-0.07525861591462225,0.21328012044818118,0.38060106035898444,-2.8102681315817994,1.8323392299129457
2025-04-06,1832.557752053513,0.060647359862990746,0.2066008034426196,0.3947859998056124,-2.2990560793557053,0.5031618245979722
2025-04-07,1833.795138688168,0.09585423699929094,0.1592217686329729,0.40859301239353785,-0.22323779409805955,0.7237053009205763
2025-04-08,1834.7065305282665,0.1111519217829418,0.07410244928391374,0.4220102780497671,1.8391310896875384,0.45066699806144167
2025-04-09,1835.019731731486,0.08776757701315673,-0.043962125568587515,0.435026346312992,2.31030368068362,0.6737311781529696
2025-04-10,1834.8468055556675,0.06401168376554882,-0.18856049932705254,0.4476301460463985,1.5182955225461008,0.6737311781529696
2025-04-11,1834.0154710045376,0.042111146762395094,-0.3519574890920576,0.45981099479362786,1.059126395202518,0.8080043163772495
2025-04-12,1833.9778260175135,-0.04774971352003436,-0.5254472024033183,0.47155860777001474,1.5541174951185477,0.9153686369151834
2025-04-13,1832.1355556440408,-0.22617979305039312,-0.699750428670925,0.48286310648161523,1.9047290440180378,1.2079377952394643
2025-04-14,1831.3655269054536,-0.1216294672032287,-0.8654384603069926,0.49371502696483804,1.0238264851222594,1.2079377952394643
2025-04-15,1830.136415726938,0.26841408831087615,-1.0133642037978463,0.5041053276399006,-0.4340666286073257,1.8058241615713497
2025-04-16,1828.7694547649771,0.42556556359456876,-1.1350811095142281,0.5140253967716459,-0.8208759222667098,1.6174226941251535
2025-04-17,1828.3741011093475,0.0054386038618964815,-1.223230995899958,0.5234670595316232,0.25772045231314744,1.368443646519378
2025-04-18,1826.9066146743237,-0.3789173675791775,-1.271883244160916,0.5324225846557383,1.2987078480117213,1.297536783133154
2025-04-19,1825.9534119812715,-0.18021339430399183,-1.2768100305437786,0.5408846906921178,0.8006813413124441,1.2079377952394643
2025-04-20,1825.8566730489688,0.38830064944679876,-1.2356851459471168,0.5488465518342092,-0.837278859900307,1.2079377952394668
2025-04-21,1825.9943318124544,0.7351065020841566,-1.1481973969482193,0.5563018033345534,-1.959400695607679,1.2079377952394572
2025-04-22,1826.8029485348304,0.6520730595207271,-1.016073433026756,0.563244546495015,-1.9008621822087481,1.207937795239469
2025-04-23,1827.3097383050651,0.6749334013374649,-0.8430089281634588,0.5696693532296513,-1.7363516168250457,1.6411714478435957
2025-04-24,1828.8038097329743,1.8312953277645794,-0.6345111769337329,0.5755712701968138,-2.550361964125546,4.425835162258024
2025-04-25,1829.374730685959,0.7977542354627984,-0.39766015935918353,0.5809458224974428,-3.706542148595896,1.9397714706367948
2025-04-26,1831.243616508885,0.5835371059387437,-0.14079880499325675,0.5857890169369149,-3.593519897514266,3.8829376705453327
2025-04-27,1832.6351241729683,-0.09263211036340577,0.1268336207923164,0.5900973448482206,-1.8682788189648787,3.2852150550308648
2025-04-28,1834.8260550573975,0.07771274022543236,0.39550852056344243,0.5938677844746233,-0.094574885518102,2.417989562075086
2025-04-29,1836.516016828753,0.14393514904418198,0.6554370494463371,0.5970978029103567,0.1619040379812723,1.6411714478435926
2025-04-30,1838.6917756572443,-0.17807017086739174,0.8972019755379592,0.5997853575983334,-0.7615428579503575,1.6174226941251535
2025-05-01,1840.872249087212,-0.15664575437637596,1.1121728855533577,0.6019288973842132,-1.2628136737335944,0.723705300920579
2025-05-02,1841.083254241264,-0.08982546394632779,1.292886055778952,0.6035273631265957,-0.7180048053382875,0.8080043163772495
2025-05-03,1841.2910766859015,0.04678685655289244,1.4333719012612547,0.6045801878635015,-0.22672952479367814,0.648201193935218
2025-05-04,1840.983639776518,-0.10629519549532743,1.529415279428211,0.6050872965356968,-0.8808579155165803,0.6034408667652729
2025-05-05,1840.2585509550647,-0.6903850595092988,1.5787369514356904,0.6050491052678191,-2.034118348353859,0.9690377949764898
2025-05-06,1839.2443320762045,-0.4951116194631762,1.5810880589389829,0.6044665202086623,-2.0499121171188985,0.7237053009205776
2025-05-07,1837.4854321063249,-0.054346816413520536,1.538253395411504,0.603340935932364,-0.5481881585886452,0.7237053009205748
2025-05-08,1834.3689319742457,0.25779569036248406,1.4539633627216415,0.6016742334026394,0.9515206977472664,0.4506669980614443
2025-05-09,1832.653777234475,0.19436177929752613,1.3337186200102702,0.5994687775025902,0.9296887219534719,0.3014566487757231
2025-05-10,1829.0547148526143,0.0769298004188926,1.1845353673490342,0.5967274141330076,-0.2336117444231035,0.3365710781744522
2025-05-11,1825.8214865387692,-0.014455577968060821,1.0146227837249988,0.5934534668824683,-0.9017465990585868,0.5031618245979762
2025-05-12,1822.79867895866,0.04896819311181536,0.8330071962770491,0.5896507332729063,-0.42839480025645216,0.5805744234353104
2025-05-13,1819.5227938950209,0.10842861701666033,0.6491199575270123,0.5853234805847182,0.0946368559378844,0.5404839370514467
2025-05-14,1816.1684394404697,0.08129355278818307,0.47236764138546805,0.5804764412658259,-0.4321879216602107,0.3812932713465581
2025-05-15,1813.1553055185177,-0.0158581837160411,0.31170396328640604,0.5751148079295018,-1.3848750753351555,1.1139186717189804
2025-05-16,1810.1603918524163,0.04983071298801345,0.1752227490957635,0.5692442279461073,-1.161219038278218,1.036999090802817
2025-05-17,1807.7623586346965,0.11444452001753072,0.06979032509886746,0.562870797634261,0.5761959635545628,1.4915315558040385
2025-05-18,1804.3484850857783,0.10062258969371952,0.000733920369195562,0.5560010560573139,2.261811230773037,0.9153686369151834
2025-05-19,1802.2412442031523,0.09189989678763233,-0.02839985650905419,0.5486419784313306,2.332012167617032,0.5484199082458846
2025-05-20,1800.4111231624129,0.09746005800903558,-0.01600556795913488,0.5408009691511362,1.1299683484236378,0.683623629817282
2025-05-21,1799.6332369723125,0.10141204300732491,0.03750871812212797,0.5324858544413218,0.2672165941505824,0.5105497920701172
2025-05-22,1798.4388797769782,0.10440493481407312,0.12974057144632756,0.5237048746394081,0.38028342173224394,0.38129327134656105
2025-05-23,1798.819467441018,0.10987529544967473,0.25640295257350115,0.5144666761187046,0.38486169694938543,0.45066699806144517
2025-05-24,1798.4778214646838,0.050173014607600944,0.4115196191730292,0.5047803028587182,-0.793541192124643,0.723705300920579
2025-05-25,1798.7215244299457,-0.14893361688364343,0.5876973620233992,0.4946551876712433,-2.489898284882697,0.8198683118453363
2025-05-26,1800.7148473136476,-0.4202849662273609,0.7764627793048338,0.4841011430905861,-3.0482238425121464,1.0819137569915707
2025-05-27,1800.9596737738293,-0.3305683003053362,0.9686483839849558,0.4731283519366697,-2.0692158920281583,1.0819137569915707
2025-05-28,1802.1614725733425,-0.1848271484993304,1.1548106111791696,0.46174735756001284,-1.0540501447720967,1.2079377952394643
2025-05-29,1803.14916271958,-0.44604008345057117,1.3256608507781624,0.44996905377788,-1.5055052498268287,1.4486771343200358
2025-05-30,1804.755768774345,-1.4903051661676854,1.472490040404169,0.43780467451116367,-3.0290172564833817,1.9397714706367872
2025-05-31,1805.9324153969808,-2.3411321944193593,1.5875676415189013,0.42526578313177826,-3.976264282414155,2.165720935118556
2025-06-01,1807.5399222970564,-1.20417362826098,1.664496974293986,0.41236426153063627,-3.692470578291854,1.2256740476801764
2025-06-02,1808.192228501321,-0.800247877883668,1.6985108526908888,0.39911229891647154,-3.2645145458609557,0.9690377949764898
2025-06-03,1809.2645742457653,-1.1500365933964212,1.6866941514346707,0.3855223803560451,-3.7906765922807475,1.2079377952394597
2025-06-04,1808.8322579913463,-1.0443886742627062,1.6281232298849306,0.37160727506643015,-4.649373686720812,0.9690377949764917
2025-06-05,1808.518757769512,-1.1592022536606903,1.5239158856900812,0.35738002447032013,-4.244322512638346,1.2975367831331515
2025-06-06,1807.528474191452,-0.31358685977913714,1.3771895445370468,0.34285393002550335,-2.247243054556893,0.9288090717493479
2025-06-07,1806.524050635201,0.03579071656686993,1.1929295293782285,0.3280425408397867,-0.23561756773411602,1.6652689065141928
2025-06-08,1805.371206031228,0.1503629705373697,0.9777733066572676,0.3129596410828708,0.21276234087731277,1.8323392299129349
2025-06-09,1803.85232846498,0.017895434609717233,0.7397203954285443,0.2976192372068453,-0.5747450807252347,1.5502768611756252
2025-06-10,1802.4866405538417,0.029222712159710965,0.4877809770229742,0.282035544987077,-1.0033719602669102,1.2256740476801786
2025-06-11,1800.7605640266015,0.08480640068978407,0.23157900689396219,0.26622297639545695,-0.45361356658557617,1.31658862506364
2025-06-12,1799.626164419845,0.10031898434339173,-0.01907231817007371,0.25019612631810106,-0.02634916512867269,0.9690377949764822
2025-06-13,1798.2412135393186,0.11269747862640907,-0.25460363767903826,0.23396975912967366,-0.8115236355212999,0.6123012398640968
2025-06-14,1796.9982329956497,0.1565301849649264,-0.4661115647041519,0.21755879513665996,-2.157832787655576,0.6123012398641087
2025-06-15,1796.6509102686089,0.12244985986021745,-0.6457508906816856,0.2009782969020134,-2.4207604748206406,0.1681384123769822
2025-06-16,1796.2600821647718,0.12506322165671696,-0.7870792151117039,0.18424345546363935,-1.2098047846817381,0.3365710781744482
2025-06-17,1796.2210681145298,0.10123110760652514,-0.8853385024105483,0.16736957645930256,-0.031979401248858674,0.4840952979809613
2025-06-18,1796.7126513657456,0.11376956416636992,-0.9376609118062929,0.15037206617061205,-0.39278097286522595,0.5805744234353173
2025-06-19,1796.4502010547756,0.19363001798038326,-0.943189660283402,0.13326641749873533,-1.8972252031862982,0.9323176305928697
2025-06-20,1797.624835421576,0.22550246879835129,-0.9031095092134442,0.11606819588458873,-2.8935513020270447,0.9832662585811892
2025-06-21,1799.7652046949777,0.22221215924334525,-0.820585539698711,0.09879302518628026,-2.720776527249444,1.3165886250636527
2025-06-22,1802.0885099316888,0.16491231183900912,-0.7006130160584848,0.0814565735265457,-2.4571721865362597,1.0977995878586233
2025-06-23,1804.7949990280936,0.1349251460209925,-0.5497851448498315,0.06407453912297888,-3.1904786875366344,0.7343315268408244
2025-06-24,1807.2211941798796,0.1175898410330971,-0.37598923758732455,0.04666263611385302,-4.287183947435959,0.5484199082458898
2025-06-25,1810.9170599213703,0.10550732437958996,-0.18804501201474805,0.0292365803922557,-4.138281270641506,0.5484199082458898
2025-06-26,1813.947398523168,0.10023353534719634,0.0046986261262451645,0.011812075461304639,-2.4025906889611153,0.6123012398640896
2025-06-27,1818.558131848876,0.10035591380610469,0.19279010895737947,-0.005595201676886445,-0.6451300658561001,0.3014566487757277
2025-06-28,1820.9113371424005,0.10150448744234669,0.367105779639036,-0.022969614585814674,-0.4322405328439183,0.8080043163772495
2025-06-29,1823.6407137093163,0.11039631312599589,0.5192650728574424,-0.040295581400224954,-1.4266454485306885,0.8080043163772495
2025-06-30,1826.267035298167,0.14190445447385044,0.6420115597818924,-0.05755758876024972,-2.0256251259719265,1.3246543401858357
2025-07-01,1829.365156752196,0.14891818583956837,0.7295426572007746,-0.07474020566160874,-1.6040209259384157,1.324654340185833
2025-07-02,1831.107041631581,0.15030833751580952,0.7777731189022082,-0.09182809720957688,-1.2595696189534564,1.3246543401858357
2025-07-03,1833.1332150192416,0.18268419606434114,0.7845204169556588,-0.10880603826447863,-2.081671532469541,1.104524952614431
2025-07-04,1834.2535290399337,0.21188917606831487,0.7496036465290945,-0.12565892696658562,-3.4210321635818226,0.8248910077088447
2025-07-05,1835.6383664158195,0.22132864878959674,0.6748514912048955,-0.14237179812847642,-3.6375281372526,0.8248910077088544
2025-07-06,1836.310256055497,0.1816362155434544,0.5640188903810718,-0.15892983648300021,-2.347143477061314,0.9209763890380541
2025-07-07,1836.2926784765004,0.12475098508341004,0.42261617112810596,-0.17531838977513714,-1.0650764751288142,0.7388302053102938
2025-07-08,1836.6192189594165,0.12259577334009188,0.2576583579530407,-0.1915229816862591,-1.3062270524662498,0.8248910077088447
2025-07-09,1834.4308384854507,0.11817657103413229,0.07734597709162,-0.20752932457941156,-2.6856903826191463,0.9892899666552065
2025-07-10,1833.396015279147,0.05993945533746815,-0.1093082353116227,-0.2233233320544161,-3.5618824277254406,1.1045249526144267
2025-07-11,1831.9352108735245,-0.07084886779758244,-0.29288986896455865,-0.23889113130183479,-3.283506909417868,1.77370556673672
2025-07-12,1830.8388474960204,-0.15781550398446526,-0.4640120842619785,-0.25421907524498394,-2.9374633945228834,1.7737055667367234
2025-07-13,1829.2489252582773,-0.34518047399692403,-0.6137441846460578,-0.26929375445939285,-3.618541629847555,1.7737055667367234
2025-07-14,1828.6260368129333,-0.6294730223162545,-0.7340201624835175,-0.2841020088593721,-4.6982519635466025,1.7737055667367234
2025-07-15,1827.461051015152,-0.3540294059094816,-0.8180087649768817,-0.2986309391415291,-4.570230301590713,0.9690377949764841
2025-07-16,1827.4629439616,-0.13990998679053715,-0.8604283595424422,-0.31286791797530816,-2.893319718486052,0.7343315268408115
2025-07-17,1826.3643244108307,0.006427867129267738,-0.8577923652482964,-0.32680060093091995,-1.2298280898653136,0.6482011939352144
2025-07-18,1826.4794643432424,0.029008158868094897,-0.8085741461541938,-0.34041693713523075,-1.140673701237177,0.5404839370514446
2025-07-19,1826.8602105807072,-0.0303204444910141,-0.7132838926109768,-0.3537051796464441,-2.2805993593800906,0.5404839370514446
2025-07-20,1827.5680892568728,-0.07382550800726398,-0.5744539840504019,-0.36665389553871736,-3.036632435333789,0.648201193935213
2025-07-21,1828.3705723582175,-0.17778012967283005,-0.39653345260065453,-0.37925197568808716,-2.771493637657167,1.588655029313473
2025-07-22,1829.936274779198,-0.00150899682095979,-0.18569626493478147,-0.3914886442513631,-2.5694390748653637,1.2975367831331563
2025-07-23,1831.49030919488,0.14428198456359084,0.05042797471826166,-0.40335346782997805,-3.5056179195782855,1.469948182763639
2025-07-24,1834.0116576031555,0.41841927936202655,0.303088799726989,-0.4148363643110303,-4.916360194990292,1.225674047680181
2025-07-25,1835.6364690958687,0.7353766817259206,0.5628000814816552,-0.4259276113780943,-5.147717531486991,1.2256740476801786
2025-07-26,1835.8037024313,1.0933591229292754,0.8197583286389732,-0.436617854684647,-3.8030731722302633,1.7373952928475613
2025-07-27,1837.8462542848183,0.5303280672999909,1.064275266377269,-0.4468981156833221,-2.386891466141014,0.902122693386092
2025-07-28,1839.026947703819,0.31500803915801945,1.287205232994233,-0.4567597991044822,-2.405787650524071,0.3615362941628643
2025-07-29,1840.801946479648,0.5061243705121733,1.480348164859509,-0.46619470007793085,-3.4695168510689105,0.40364895191321465
2025-07-30,1841.5359454063864,0.6794061108915991,1.6368100414142759,-0.4751950108919482,-3.934484540883037,0.4506669980614461
2025-07-31,1841.4618549059603,0.521505329693485,1.7513045799504794,-0.48375332738413657,-3.15096906157564,0.3757757247138706
2025-08-01,1841.7121576185195,0.4126746176104239,1.8203826188017542,-0.49186265495890374,-2.2111423155949845,0.3757757247138706
2025-08-02,1841.5595980430924,0.4225058624703057,1.8425788878757035,-0.49951641422678683,-2.218726174666255,0.37577572471387577
2025-08-03,1840.2775055911172,0.4997292073317816,1.8184695901173047,-0.5067084462611352,-2.55763320999067,0.40364895191321776
2025-08-04,1838.2318874761283,0.34967596835205184,1.7506382385402002,-0.5134330174680265,-1.6370354212443812,0.40364895191321776
2025-08-05,1836.5416780797573,-0.012030785728734792,1.6435513295539637,-0.51968482406567,0.8660254037843589,0.36153629416286576
2025-08-06,1834.1773055771664,-0.35082732884777473,1.5033494979209499,-0.5254589961698786,3.368968982836406,0.40364895191321776
2025-08-07,1832.4989858161423,-0.6713218676064101,1.337563608491458,-0.5307511014825604,4.289215049525748,0.6034408667652799
2025-08-08,1829.7376614099371,-0.7285317496859759,1.154768623077695,-0.5355571485805575,3.949721863681539,0.8080043163772572
2025-08-09,1826.996782447627,-0.8318218525037326,0.9641908848626737,-0.5398735898025016,3.9413175049832136,1.081913756991579
2025-08-10,1823.1148052978529,-0.9036161447500741,0.7752865611496916,-0.5436973237317324,4.880089513312045,1.1621648907807078
2025-08-11,1819.4128463804448,-0.5366955566988207,0.5973102834145841,-0.547025697273695,5.662316159737234,0.8198683118453347
2025-08-12,1816.6228985593912,-0.4777678596774203,0.43889346299272913,-0.5498565073265922,5.195825716298172,1.0977995878586126
2025-08-13,1813.72833631984,-0.5472220834851635,0.3076513215135726,-0.5521880020444367,4.130340047541885,2.1975203981147344
2025-08-14,1810.4563651907304,-0.07640803223738488,0.20983637720955073,-0.5540188816920221,4.1094539181583825,0.8806821809344224
2025-08-15,1808.774895513528,-0.10884552758730862,0.1500540300276637,-0.5553482990916948,5.523412471865499,1.0819137569915727
2025-08-16,1806.7446140755997,-0.15729397589553024,0.1310530847036681,-0.5561758596621744,6.865600772337238,1.2256740476801764
2025-08-17,1805.3246813036976,-0.04337308885648487,0.15360066808633982,-0.5565016210500437,6.63155480316386,0.6034408667652752
2025-08-18,1803.84677956291,-0.04233488119575253,0.21644718760478054,-0.5563260923548896,5.2178916851813035,0.5404839370514415
2025-08-19,1803.3637322300624,-0.0704439572125467,0.31638291367543775,-0.5556502329494419,4.278560183438838,0.5404839370514436
2025-08-20,1804.115057662923,-0.1817943170369208,0.4483836333527686,-0.554475450896417,4.477230701562084,0.6034408667652752
2025-08-21,1804.302317017635,-0.3487332050459616,0.6058388021654498,-0.5528036009641409,4.738754525076276,0.6737311781529709
2025-08-22,1804.2207179775091,-0.48019801339986395,0.7808518971824838,-0.5506369822433733,3.978876034875987,0.808004316377251
2025-08-23,1804.458648652724,-0.7608047359967497,0.9645994148837777,-0.547978335368118,2.8348750430097676,1.3684436465193808
2025-08-24,1804.7467362061377,-1.13977378685215,1.1477323093854972,-0.5448308393435535,2.919724730172812,1.6174226941251502
2025-08-25,1806.3139834148144,-2.9384360560846576,1.3208017494327777,-0.5411981079845627,4.5786828723743005,2.210982897462648
2025-08-26,1808.4355509028285,-5.031733298350003,1.4746899727988718,-0.5370841859686966,6.250831797867722,2.468523751744851
2025-08-27,1810.0285955652128,-4.944830869755093,1.601026783935284,-0.5324935445077312,6.373864275671658,2.210982897462648
2025-08-28,1811.5184803652303,-4.2833781538406495,1.6925728854145234,-0.527431076642327,5.288937906736042,2.210982897462648
2025-08-29,1812.500628843204,-2.1003090338768473,1.7435527268340525,-0.5219020921646307,4.602417491257896,1.2512897268254652
2025-08-30,1813.3451443937963,-1.7535161912916764,1.7499218290796033,-0.5159123121739768,4.942793417866383,0.9892899666552142
2025-08-31,1813.2551727148464,-1.656420163385478,1.709556494622825,-0.5094678632711743,5.2152767070554,0.9209763890380506
2025-09-01,1813.247678959372,-1.1234978429303488,1.622357312694152,-0.5025752713971925,4.332968589712151,0.8248910077088495
2025-09-02,1812.2582313342216,-0.803332345589699,1.4902617539698482,-0.495241455322341,2.947166172221287,0.9892899666552142
2025-09-03,1811.5349585352449,-1.7228037404845116,1.317165247603668,-0.4874737197923724,2.699454350656646,2.504769294014821
2025-09-04,1809.8597382994456,-1.3857990298863432,1.1087542591989101,-0.47927974833822723,3.974738839759988,1.6754707146918568
2025-09-05,1807.2300249895643,-1.9039464156346189,0.8722588555920829,-0.47066759575641653,5.258120636763794,2.210982897462648
2025-09-06,1805.0734710088725,-1.0905221809654255,0.6161358721886878,-0.4616456802673421,5.034402397622854,1.9803112566435586
2025-09-07,1802.5271760719063,-0.9211236685471362,0.34969692735317115,-0.45222277535913286,3.6876010765367306,4.17095522137145
2025-09-08,1800.694068272529,0.029253132045003773,0.0826980149078923,-0.4424080013248252,2.85784105589352,1.6174226941251377
2025-09-09,1798.840176701656,0.24003292496420722,-0.17509086199990637,-0.432210816500998,3.194417875383049,1.3768270370511284
2025-09-10,1796.8685428972697,0.36210164004723955,-0.4143166526679241,-0.421641008216236,3.6079322736326747,0.9892899666552065
2025-09-11,1795.7917797676118,0.21098498092355225,-0.6264554265576445,-0.41070868345800843,3.000648575348542,0.3415129796782087
2025-09-12,1794.2337343333222,0.20301154557202206,-0.8041872048289515,-0.39942425926683006,1.9977265439913714,0.3812932713465522
2025-09-13,1793.01115929849,0.3771110817952676,-0.9417165971344961,-0.3877984528667698,2.201887019586716,0.8198683118453411
2025-09-14,1794.0463079341157,0.7386642611263957,-1.0350248287891997,-0.37584227154162897,3.950407825303255,0.9892899666552122
2025-09-15,1794.1096561499132,1.0280278111107648,-1.0820418369899207,-0.3635670022662841,5.676949039931593,0.9892899666552122
2025-09-16,1795.240177299269,1.3298014384993238,-1.0827307186912287,-0.35098420110292317,5.816494038688374,1.324654340185828
2025-09-17,1796.4542864708735,1.3327861806375234,-1.0390807645136722,-0.3381056823721093,4.7102240566453535,1.7737055667367339
2025-09-18,1798.1172655506869,0.7710507998319349,-0.9550094344517125,-0.32494350760875024,3.9671470843057066,1.2975367831331563
2025-09-19,1800.7545896294796,0.6993013355903067,-0.8361777362913051,-0.3115099743132659,4.220776527249418,1.2975367831331563
2025-09-20,1802.3473843373067,0.4720391988622452,-0.6897273714086998,-0.2978176045084205,4.383373328268935,0.9832662585811816
2025-09-21,1804.886045018988,0.2227123322279393,-0.5239515389506524,-0.2838791331123983,3.376667557616092,0.5805744234353116
2025-09-22,1807.7167417576895,0.14285591286814928,-0.3479142792647505,-0.2697074961388925,1.861643362670278,0.5805744234353116
2025-09-23,1811.091221052082,0.11503576586657906,-0.17103555602421602,-0.255315818735117,1.4900629659743057,0.5404839370514436
2025-09-24,1814.5136878087983,0.10052617799828582,-0.002660819217802729,-0.24071740306873582,2.6569121231535258,0.36153629416286365
2025-09-25,1817.8031909070128,0.08561047069849113,0.14836551151256822,-0.2259257160748651,3.8566956718695633,0.2700057045424065
2025-09-26,1820.522730818804,0.06881948875752225,0.2741033832419416,-0.21095437707441322,3.5824014406417017,0.3615362941628651
2025-09-27,1823.008326567904,0.07593933755730208,0.3678790541739685,-0.1958171452750757,2.2245328806531157,0.3615362941628629
2025-09-28,1824.866262139543,0.0834110986645429,0.42458930415446905,-0.18052790716643471,1.4276077035727515,0.36684476203680455
2025-09-29,1826.4466963292984,0.08392795848350645,0.44093417618382535,-0.16510066382069175,1.842931690366632,0.29003342281387723
2025-09-30,1829.1201049715687,0.07333054158548452,0.41556774018821063,-0.14954951811057884,2.3805615779506146,0.4335896803996546
2025-10-01,1828.8665195881697,0.09105962581258405,0.3491600706753412,-0.13388866185610002,1.9396197428828348,0.24183603440665397
2025-10-02,1830.0831262914933,0.0969269525452436,0.24436763736699146,-0.1181323629117977,1.139612583572913,0.24183603440665344
2025-10-03,1830.4652553807389,0.09833633371492648,0.10571344171553086,-0.1022949522062273,1.5753096645606302,0.2700057045424071
2025-10-04,1830.6667846094963,0.10536240200597465,-0.060617694075305636,-0.08639081074539422,3.574070950894414,0.6482011939352144
2025-10-05,1831.198936111653,0.12513614710649879,-0.2470594490346971,-0.07043435659192351,5.558106577229644,0.6123012398640931
2025-10-06,1830.4012469851568,0.12215139324952823,-0.44500728663790756,-0.054440031831681925,5.949936054233822,0.3615362941628616
2025-10-07,1829.6670185861003,0.12444010071585593,-0.6452092067268237,-0.03842228953963053,5.077841187389554,0.45728417957179596
2025-10-08,1827.7692595667531,0.1291719475330949,-0.838186329634158,-0.02239558075661551,4.538107107083647,0.8080043163772447
2025-10-09,1827.886632903036,0.11113579282455884,-1.0146643274975915,-0.006374341488828584,4.952318681582753,0.8080043163772447
2025-10-10,1827.505876405262,0.06832814407696652,-1.1659962255449523,0.009627020258436193,5.222197364507166,1.2975367831331488
2025-10-11,1825.9230896351469,0.02394047041264225,-1.2845574824441661,0.0255941374010997,4.2608666379835185,1.2975367831331488
2025-10-12,1824.1685296320104,0.01624869038265042,-1.3640955062338138,0.041512696639118926,2.7231041580467514,1.2975367831331488
2025-10-13,1823.8448954424912,0.01790250083044611,-1.400017814636424,0.05736845125036343,2.2572337363100994,1.0819137569915642
2025-10-14,1824.3321551201689,-0.012088883584688046,-1.3896058131620115,0.07314723380412759,3.2578212750860125,0.8080043163772416
2025-10-15,1823.1671271121927,-0.0692615695021881,-1.3321445166630117,0.08883496878295007,4.222090098947765,0.8080043163772416
2025-10-16,1824.4795661533333,-0.2867403370916998,-1.2289623287279976,0.1044176851015631,3.648866491995676,1.9682532986051786
2025-10-17,1825.415717762028,-0.1552299716796467,-1.0833790476405374,0.11988152851185374,1.9374544441718893,2.417989562075086
2025-10-18,1826.2252671416115,0.03784613124416333,-0.9005644047405525,0.13521277388284028,0.7438417324889626,1.6411714478435957
2025-10-19,1827.778964822935,0.04519159947952801,-0.6873134743332269,0.1503978373448468,0.7330573767205605,1.7308570129530767
2025-10-20,1828.896023819132,0.027819686980683673,-0.4517490419028579,0.16542328828714775,0.8306108447945321,2.7795032713686783
2025-10-21,1830.6621883672117,0.10246073838689108,-0.20296431029401116,0.18027586119850555,-0.04780289724803166,2.9856733911739473
2025-10-22,1832.1243028988345,0.08521438438832858,0.04937798678220682,0.19494246734022913,-1.2656552120901345,2.9424688727527477
2025-10-23,1833.4373469995148,0.054669958791793705,0.2954720293737128,0.20941020624150128,-1.2114071385570566,1.4486771343200358
